ExplanatoryNote,TEAM,SMC,IS_STRATA,Complexity Level,Urgency Level,Signals for rating (To ignore),Primary Bucket
"DEAR OFFICER 

OUR UNTI IS RETAIL UNIT, BUT YOU HAVE REVISED PROP TAX ASSESSMENT ON 1 SEPT 2025, (WE ASSUME) BASED ON ANNUAL VALUE FOR NIGHT CLUB UNIT'S ANNUAL VALUE, WHEREAS OUR UNIT IS A RETAIL SHOP AND NOT NIGHT CLUB. IN LAST 2 YEARS MANY UPPER FLOOR UNITS CHANGED THE USE TO NIGHT CLUB WHICH COMMAND HIGHER RENT. 

IN FACT DUE TO NIGHT CLUB EBTERING INTO SIM LIM SQ, OTHER UNITS IN SIM LIM SQUARE ARE VERY DIFFCULT RENT OUT NOW AND RENTAL HAS GONE DOWN DRASTICALLY.   

ALSO REVISE THE ASSESSMENT FOR 2025 AND 2026",Retail,1664,1,1,Y,CHANGED THE USE,Use Issues
"2650*12=31800

The desired Annual Value is 31,800 compared to 37,000 as indicated in the notice. 
Please note Public entertainment licenses are no longer being approved by Police department in the area. The rents are generally much lower for tenants to operate in the area without Public entertainment or Liquor Licenses.",Retail,1626,1,1,Y,Public entertainment licenses,Use Issues
Refer to objection form.,Retail,1691,1,2,Y,attachment referenced,Insufficient Text / Attachment-Dependent
"Please see attached PDF file, thank you",Retail,1664,1,2,Y,attachment referenced,Insufficient Text / Attachment-Dependent
"mismanagement of property have led to decreased valuation of property, lower footfall resulting in lower rentals. please reevaluate and revise the current AV. thank you and best regards.",Retail,7021,1,3,N,rent mentioned,Physical / Locational Disamenity
"There has been an oversupply of rental units in the East Coast region, which has significantly lowered market rental rates. Our unit, with a built-up area of 72 sqm, is less competitive compared with larger units in the vicinity and has remained vacant despite active marketing efforts. In view of these prevailing conditions, we respectfully request that the Annual Value be adjusted to reflect the current rental market.",Retail,6850,1,3,N,rent mentioned; vacancy mentioned,Physical / Locational Disamenity
"Dear Officer,

We refer to our Property Tax Account Ref. No. [Account Number] for the subject property at [Property Address].

We wish to raise an objection to the assessed Annual Value of $32,100, which is based on a rate of $9.94 psf over the net lettable area of 269 sq ft.

With reference to the URA Rental Statistics for Office and Retail Space by Street (2025Q3), the assessed value is higher than the prevailing median rental rate of $7.25 psf for properties within the vicinity.

In addition, the unit is relatively small and includes a high void area, resulting in a limited usable NLA of only 269 sq ft. The unit has also been vacant for a long period due to poor footfall, poor location, and limited visibility, making it difficult to achieve the desired assessed value.

In view of the above, we propose a desired Annual Value of $23,000 to be consistent with unit #01-07 for your sincere consideration.

Thank you.
[Individual Name]",Retail,6897,1,3,N,rent mentioned; vacancy mentioned; comparable / psf mentioned,Physical / Locational Disamenity
"AV is excessive. Units [Unit Number],  [Unit Number],  [Unit Number] and  [Unit Number] are leased together to [Company Name] from 1/10/2025 to 30/9/2026 at monthly rent of $7,957.60 and monthly service charge of $2,842.00.

Hence, our Desired AVs based on actual rent and excluding MF and GST wef 1/1/2026 are as follows:
#02-10 - $29,400
#02-11 - $29,400 
#02-12 - $20,200
#02-13 - $32,000",Retail,1666,1,4,Y,rent mentioned; service charge / MCST mentioned; effective date mentioned; multi-unit / apportionment mentioned,Multi-Unit Lease / Apportionment
"AV is excessive. Units  [Unit Number] and  [Unit Number] are leased together to [Company Name] with the following monthly rent:-
wef  1/12/2024 to 30/11/2025
Rent: $3,634.80
Service Charge: $1,398.00

wef  1/12/2025 to 30/11/2026
Rent: $3844.50
Service Charge: $1,398.00 
No GTO structure 01/01/2024 to 31/12/2024.
Hence, our Desired AV based on actual rent and excluding MF and gst incurred are as follows:- 
wef 1/1/2025
#01-38 - $27,500
#01-39 - $26,700 

 wef 1/12/2025 
#01-38 - $28,800 
#01-39 - $27,900",Retail,1636,1,4,Y,rent mentioned; service charge / MCST mentioned; GTO / variable income mentioned; effective date mentioned; multi-unit / apportionment mentioned,Multi-Unit Lease / Apportionment
"AV is excessive.  Unit [Unit Number] and [Unit Number] are leased together to [Company Name] at the following monthly rent.

wef 1 Aug 2025 to 31 Jul 2026
Rent: $1,853.20
Service Charge: $904.00

wef 1 Aug 2026 to 31 Jul 2027
Rent: $2,034.00
Service Charge: $904.00

GTO from 1 Jan 2025 to 31 Dec 2025: $282.90

Hence, our desired AV based on actual rent plus GTO excluding MF and GST are as follows:
#05-46 : $13,400 wef 1 Jan 2026 and $14,500 wef 1 Aug 2026
#05-47 : $13,400 wef 1 Jan 2026 and $14,500 wef 1 Aug 2026",Retail,1654,1,4,Y,rent mentioned; service charge / MCST mentioned; GTO / variable income mentioned; effective date mentioned; multi-unit / apportionment mentioned,Multi-Unit Lease / Apportionment
"AV is excessive. Unit is leased to [Individual Name] with the following monthly rent:-
wef  16/01/2025 to 15/01/2026
Rent: $1,290.00
Service Charge: $516.00

wef 16/01/2026 to 15/01/2027
Rent: $1,341.60
Service Charge: $516.00

Hence, our Desired AV based on actual rent and excluding MF and gst incurred are as follows:-
$18,200 wef 1/01/2026
$18,900 wef 16/01/2026",Retail,1660,1,5,N,rent mentioned; service charge / MCST mentioned; effective date mentioned,Actual / Net Rental Basis
"AV is excessive. Unit is leased to [Individual Name] with the following monthly rent:-
wef 27/11/2024 to 26/11/2025
Rent: $2,130.00
Service Charge: $710.00
No GTO structure 01/01/2024 to 31/12/2024.
Hence, our Desired AV based on actual rent and excluding MF and gst incurred is $30,900 wef 1/01/2025.",Retail,1636,1,5,N,rent mentioned; service charge / MCST mentioned; GTO / variable income mentioned; effective date mentioned,Actual / Net Rental Basis
"AV is excessive.  Unit is leased to [Company Name] from 12/9/2025 to 11/9/2026 at the monthly net rent and service charge of $7,620.00 and $4,762.50 respectively.
Hence, our desired AV based on actual rent excluding MF and GST is $102,000 with effect from 1/1/2026.",Retail,1647,1,5,N,rent mentioned; service charge / MCST mentioned; effective date mentioned,Actual / Net Rental Basis
"Our desired AV is $97,500 based on the rate of $10.94psf pm wef from 01/01/2025.",Retail,7052,1,6,N,rent mentioned; effective date mentioned,Comparable Evidence / PSF Benchmark
Propose to maintain AV at $268000 wef 1 Jan 2026 in view of existing market conditions,Retail,1632,1,6,N,rent mentioned; effective date mentioned,Comparable Evidence / PSF Benchmark
"Market rents of comparable properties may be increasing around Beach Road, but my unit at [Property Address] has always been rented out at a much lower market rate.  This is because [Property Address] is a very old building, with an undesirable tenant-mix, especially at the 2nd floor shop units which my unit is located.  There are many massage parlours, pubs and religious-type tenants on that floor.  Hence, it is always a challenge for me to get a proper tenant and my shop unit has always been rented out at a very low rate.  In view of this, I would appreciate very much if your office could relook and lower my property tax.  It has been increasing each year :(",Retail,1626,1,6,N,comparable / psf mentioned,Comparable Evidence / PSF Benchmark
"Our desired AV is $97,500 based on the rate of $10.94psf pm wef from 01/01/2025.",Retail,7052,1,6,N,rent mentioned; effective date mentioned,Comparable Evidence / PSF Benchmark
"The IRAS imposed AV is too high as compared to the existing rental fetched for the property concerned.

Current lease agreement is $5,200 (before GST) per month for a 3-year period from 8th Dec 2023 to 7th Dec 2026. 

However, the latest AV from IRAS suggests a theoretical possible rent of $5,491-60 per month (we understand based on comparable transactions principle).  

However, we beg to differ -  as the commercial units in this development [Property Address] suffer from bad design/construction from the developer [Developer Name] -  such as lack of adequate public parking, lack of vehicular drop-off point, most commercial units are small, deep and narrow in layout (600-700 sqft) and with very narrow frontage (approx 2 - 3 meters only), etc.   The shops in this development cannot be compared to the usual commercial shops or shophouses found in River Valley area.   Tenants and retail footfall are difficult to find for this development.  

Please kindly revise the imposed AV.  Thank you",Retail,6671,1,6,N,rent mentioned; comparable / psf mentioned,Comparable Evidence / PSF Benchmark
"Dear Sir/Madam, we refer to the annual value of [Property Address] [Unit Number] for year 2025. We note that the annual value is determined based on the market rentals of similar properties. As per the tenancy agreement with our tenant, the monthly rental is $50,000. However, due to poor business in our tenant's operation, we have extended $12,000 of monthly rental rebates to our tenant. Attached is the rental transactions with the tenant for the period from 01 Jan 2024 to 14 Nov 2024 which is also the expiry of the lease. Currently, the unit has been vacant since the expiry of the tenant's lease in November 2024. We have been marketing the unit for a monthly rental of $20,000. As such, we propose an annual value of $240,000 ($20,000 x 12 months) with effect from 01 Jan 2025. Your consideration is much appreciated.",Retail,1662,1,7,N,rent mentioned; vacancy mentioned; effective date mentioned; attachment referenced,Vacancy / Leasing Difficulty
"1) increased in mcst fees 
2) repairs work on the property vs the low rent 
3) reduced in foot fall as main big tenant moved out due to insustainability",Retail,6726,1,7,N,rent mentioned; service charge / MCST mentioned,Vacancy / Leasing Difficulty
"Dear Officer,

We refer to Property Tax Account No [Account Number]. We wish to raise objection to the assessed Annual Value of $30,400 based on a rate of $9.42 psf over the net lettable area of 269sf.
With reference to the URA Rental Statistics for Office and Retail Space by Street (2025Q3), the assessed value is higher than the prevailing median rental rate of $7.25psf for properties in the vicinity.
In addition, the unit is relatively small and includes a high void area, resulting in a limited usable NLA of only 269sf. As a result, the previous tenancy could not be sustained, leading to the unit becoming vacant. Despite efforts to secure a new tenant following the recent vacancy, the unit has remained vacant due to poor footfall, poor location, and limited visibility, making it difficult to achieve the assessed rental value.
In view of the above, we propose a desired Annual Value of $23,000 to be consistent with unit #01-07 and #01-08 for your sincere consideration.

Thank you.
[Individual Name]",Retail,6897,1,7,N,rent mentioned; vacancy mentioned; comparable / psf mentioned,Vacancy / Leasing Difficulty
"Propose to retain AV as of 1 Jan 2025 at $193,000 (see data downloaded from IRAS as of Feb 2025). This is in consideration of existing market conditions",Retail,1632,1,8,N,rent mentioned,Weak Market / Poor Location Conditions
"Our yearly rental collection for unit [Unit Number] & [Unit Number] in total is only $99,600. Retail market is bad as everyone is now buying online which is cheaper and more convenience. Our tenant has been complaining to us that their business is bad, and they are having tough time.
We strongly object to the revision of the annual value to $172000. We hope that IRAS should maintain our annual value at $117000, which the value is already higher than our actual rental collection of $99,600.",Retail,1657,1,8,N,rent mentioned,Weak Market / Poor Location Conditions
"We request a downward revision of the Annual Value (AV) to $450. The previous license agreement expired on 31 March 2026 and has not been renewed.

The previous tenant occupied the area primarily due to its proximity to their unit; however, the space itself suffers from low foot traffic. Given these site-specific constraints, the likelihood of securing a new licensee is minimal. We believe the proposed AV of $450 more accurately reflects the current market value and vacancy risk of the space.",Retail,1676,1,8,N,rent mentioned,Weak Market / Poor Location Conditions
"We are facing hardship in business.
The property has not been rented out and would request for a waiver for this year",Retail,6841,1,9,N,hardship language mentioned,Hardship / Compassion Appeal
