DEV,FileUploadCount,ExplanatoryNote,TEAM,IS_STRATA
,0,"Annual Value in excess.
Desired Annual Value is S$672,400.00 w.e.f. 14 Mar 2024
Reason: Annual Value for [ADDRESS] which is on same level and of same specification was assessed at S$1.38 psf/month (basing on leased area 5,812.47 sqm).",General Industrial,0
WAKANDA TRADE CENTRE,2,Whole unit was unoccupied due to vacancy from 3 Sep 2025 till now,High-Rise Industrial,1
,0,"The assessed AV is excessive. Median rent at Level 3 to 7 is $1.09 psf pm but the assessed AV is $1.28 psf pm. Please adopt the median rent as the AV as the actual rent is best reflective of the market rent.
Please call owner for a discussion. Thank you.",High-Rise Industrial,0
NAKATOMI INDUSTRIAL BUILDING,1,"Area: 3,891 sqft
Rent: $1.45
Desired AV = $38,120 < Market AV",High-Rise Industrial,0
,1,"The assessed AV is unreasonably high reflecting $4.83 psf pm. The subject unit was leased out at a net rent of $2.07 psf pm, together with [UNIT]. The actual rent reflects what a canteen can fetch in the locality.

The AV rate of <UNIT> should be consistent with that of <UNIT>, which has been assessed at AV rate at $2.31 psf pm. As such, we do not understand the rationale of the high AV which is more than double of the AV rate of <UNIT>.

Please see extract of TA attached (extract was attached as whole document has a file size of 19MB).

Please call owner for a discussion. Thank you.",High-Rise Industrial,0
,0,"We refer to the recent revision of the Annual Value (AV) of our property.

Previously, the Annual Value was assessed at $512,000. However, with effect from 18 August 2024, the Annual Value has been revised to $874,500. We noted that this represents a significant increase, and we would appreciate your clarification on the basis and calculation methodology used in determining the revised Annual Value.

For your information, we have recently completed the construction of a new two-storey production cum ancillary workers' dormitory, with the following details:

First storey floor area: 412.30 sqm
Second storey floor area: 412.30 sqm
Rooftop area: 22.10 sqm

While we understand that improvements to the property may affect the Annual Value assessment, we would be grateful if IRAS could provide a detailed explanation of how the increase was computed, including the valuation factors, assumptions, and any comparable rental benchmarks used in the reassessment.

Thank you",General Industrial,0
