FileUploadCount,IS_STRATA,DEV,ExplanatoryNote,Category,Reason,Done,Team
0,0,,"The current assessed AV appears too high. The median rent for Level 2 is $1.22 psf pm, whereas the assessed AV is $1.34 psf pm. Please consider using the median rent as the AV, as the actual rent is more representative of market rental conditions. The owner may be contacted to discuss the matter. Thank you.",Easy - RFI (minimal),"This is a straightforward rent‑based claim (requests adoption of a median rent). No complex valuation issues are raised and it can be resolved with simple documentation (lease(s), tenancy schedule or landlord/agent letter) rather than specialist analysis.",TRUE,Industrial Highrise
1,0,,"Area: 12,460 sqft
Rent: $2.95 psf
Requested AV: $435,463.24
The requested AV is below the market AV.",Easy - RFI (minimal),Claim is a straightforward rent‑based AV request using a single rent psf and area (layman rent ground under s20(2)(a)); a minimal RFI such as the lease or rent receipt/tenancy schedule should suffice to verify the actual rent and tenancy terms.,TRUE,Industrial Highrise
0,0,,The AV for the assessment year is higher than the rental income actually received.,Easy - RFI (minimal),"Layman rent-based complaint that AV exceeds actual rental revenue — a straightforward 20(2)(a)/(b) ground likely resolvable with one document (lease, rent receipts or tenancy schedule).",TRUE,Industrial Highrise
1,0,,"Area (sqft): 5,149
Contracted rent (psfpm): $1.01
Requested AV: $55,141
Reason: the contracted rent is below the assessed rent.",Easy - RFI (minimal),Claim rests on a single contracted rent (rent‑based 20(2)(a)) for a specified area and desired AV; this is a straightforward rent claim likely resolved by providing the lease or rent receipt (one document).,TRUE,Industrial Highrise
0,0,,"The existing tenant has notified us that they intend to leave within the next few months because they want to downsize, partly due to high manpower costs, staffing shortages, and the property's distance from the MRT. Rental levels in the surrounding area have also been falling rapidly for some time.",Easy - RFI (minimal),"The note alleges an imminent tenant vacancy/lease expiry and a local drop in rents — a straightforward rent/ vacancy ground under section 20(2) that can be resolved with simple documents (lease, tenant notice or rental evidence).",TRUE,Industrial Highrise
0,0,,"Dear Officer,

I would like to request clarification regarding the Annual Value (AV) assessed for my properties.

The AV increased from $64,580 in 2023 to $97,676 in 2024, representing approximately a 30.0% rise. Please advise what caused this increase and whether the assessment can be reviewed.

Thank you.

Regards,
<PERSON>
<COMPANY>",Easy - Disallow,"The note is a general request for an explanation of a percentage increase and does not plead any specific statutory valuation ground (rent, sale, development cost, physical/change of use, receipts, omission or clerical error under section 20(2)), so there is no legal basis to amend the AV as submitted.",TRUE,Industrial Highrise
1,1,Radiator Springs,"The tenancy ended on 12 Oct 2024 and the property is currently not leased, as it is being used by the owner. Please review the tax rate payable. Thank you.",Easy - RFI (minimal),"The note asserts a simple tenancy expiry and owner occupation (vacancy/change of use) — a valid section 20(2) ground that can be resolved with minimal evidence (e.g., copy of expired lease, tenancy termination notice or owner occupancy proof).",TRUE,Industrial Highrise
2,1,Storybrooke,"We consider the AV to be excessive because comparable units are assessed at lower levels. Although this unit appears larger than some other units on the same floor, the difference is mainly due to an outdoor balcony. Because the balcony is open to the elements, its usable area is limited and it would not command materially higher rent despite increasing the stated size.

Monthly maintenance charges are $407.22, and we estimate the rent at about $2,549 per month, which would imply an AV of approximately $31,761.91.",Medium - Strata Owners,"DEV indicates a strata property (Midview Building); the claim discusses unit size, balcony usage and proposed rent—strata matters are handled under the dedicated 'Medium - Strata Owners' category regardless of other factors.",TRUE,Industrial Highrise
0,1,Hobbiton,"We propose retaining the AV at $261,706.21 with effect from 14 Jan 2024, as this amount is consistent with a recent market transaction in the surrounding area.",Easy - RFI (minimal),The note invokes a transaction‑based ground (market sale nearby) which is a valid s.20(2) basis but provides no evidence; this is a straightforward comparable/transaction claim likely resolvable by requesting the single sale document(s) (SPA/completion statement) or brief confirmation of the comparable.,TRUE,Industrial Highrise
1,1,Bree,The property has been disposed of.,Easy - RFI (minimal),"The note indicates the property was disposed, which is a valid sale/transfer valuation ground under section 20(2)(a)(iii) and is typically resolved with a single document (e.g., sale & purchase agreement or completion statement); only one file is uploaded so minimal RFI is appropriate.",TRUE,Industrial Highrise
0,1,Neverland,The property is not rented out and is occupied by the owner for administrative work and some storage of goods. It generates very limited revenue.,Easy - RFI (minimal),"The note asserts owner‑occupation/not rented and low revenue — a straightforward change-of-use/vacancy matter that can typically be resolved with one standard document (occupancy statement, utility bill or landlord/agent letter) rather than complex valuation analysis.",TRUE,Industrial Highrise
0,0,,"The assessed AV appears excessive. A canteen at <ADDRESS> in a more favourable location is assessed using a base rent of S$1.26 psf/month.

The requested AV is S$63,200.37 with effect from 4 May 2024.",Easy - RFI (minimal),This is a straightforward rent‑based claim (states a specific base rent and requested AV) with no complex legal or valuation issues—remedyable by a single standard document (lease/rent invoice or landlord/agent confirmation).,TRUE,Industrial Highrise
0,1,Emerald City,"This unit has been vacant since October 2024. Its lease tenure will end in less than 6 years, and we are finding it difficult to secure a new tenant.

We understand from the property agent that market conditions are weak and that the rent may need to be reduced to $3,153. We are prepared to lower the asking rent in order to secure a tenant as soon as possible.

Thank you.

Regards,
<PERSON> and <PERSON>",Easy - RFI (minimal),"Taxpayer states the unit has been vacant since Aug 2025 and intends to lower rent to $3,000 — a straightforward rent/vacancy-based ground under s.20(2). This is a layman claim needing minimal RFI (e.g. tenancy/agent letter or vacancy evidence) to proceed.",TRUE,Industrial Highrise
0,0,,"Dear Officer,

We refer to our objection to the Valuation List 2026 filed on 20 December 2026.

We wish to object to the Valuation List 2027 assessed AV of $96,986 on the same grounds raised previously, as the rental circumstances affecting the property have not materially changed.

The assessed AV of $96,986, equivalent to an estimated market rent of $8,047, is considered unreasonable and excessive.

The property has remained vacant despite sustained marketing efforts. Weak rental demand, low footfall, its industrial setting with limited visibility and accessibility, its small unit size, and its high ceiling all reduce the property's rental potential.

We therefore request that a proposed AV of $59,607, corresponding to an estimated monthly market rent of $4,769, be considered.",Easy - RFI (minimal),"The submission advances a straightforward rent-based ground (prolonged vacancy and a lower estimated market rent) which is a valid 20(2) basis and can be addressed with minimal RFI (e.g., evidence of vacancy/marketing and support for the proposed rent of $5,000).",TRUE,Industrial Highrise
1,1,Arendelle,"The unit's rental income was already below the Annual Value of $48,918 before the latest revision. Under the revised assessment, the second year of the lease provides rental income of $3,338, which is still below the revised AV of $54,383 by $3,966, equivalent to almost one month's rent.",Easy - RFI (minimal),"Claim is a straightforward rent‑based challenge (actual rent lower than the Annual Valuation) and can likely be resolved with a single document such as the lease, rent invoice/receipt or tenancy schedule to verify the stated $3,700 rent.",TRUE,Industrial Highrise
0,0,,"The assessed AV appears too high. The median rent from Levels 3 to 7 is $1.22 psf pm, while the assessed AV is $1.46 psf pm. Please consider adopting the median rent as the AV because the actual rent is a better reflection of market rent. The owner may be contacted for discussion. Thank you.",Easy - RFI (minimal),This is a straightforward rent‑based claim (seeking adoption of median rent as AV) that can be resolved with a simple supporting document such as leases/tenancy schedule or rent invoices showing the $1.21 psf pm figures.,TRUE,Industrial Highrise
0,0,,"The unit has been vacant for a prolonged period, having been cleared out since 10 Feb 2025, which is almost half a year. We have actively marketed it for rent since May 2025, but have received almost no viewings or responses. We have engaged numerous housing agents for an extended period without success. We are concerned that the weak market, including the effects of the current WAR and very high oil prices, may persist for a long time.

We therefore appeal for assistance in reducing the AV to $47,428, being the previous AV, with effect from 10 Feb 2025.

Thank you for your consideration and understanding.

<PERSON>
<PHONE NUMBER>",Easy - RFI (minimal),The taxpayer alleges long‑term vacancy and requests a lower AV—this is a straightforward rent/vacancy ground resolvable with a simple document (e.g. tenancy history/agent letter or marketing evidence) and thus needs only minimal RFI.,TRUE,Industrial Highrise
2,1,Gravity Falls,"The monthly rental of $3,796 includes maintenance charges as well as furniture and fittings. The maintenance component is $199.61 per month, while the reasonable charge for furniture and fittings is $587 per month. We therefore propose an AV of $2,926.65 per month x 16, giving $35,400 annually. Please consider this amount.",Easy - RFI (minimal),This is a straightforward rent-based claim seeking to exclude maintenance and furniture charges from the rent; it can be resolved with a simple document such as the lease or rent invoice showing the fee breakdown.,TRUE,Industrial Highrise
0,0,,The unit is currently unoccupied. Other units in the same building are achieving rental rates of about $2.42 per square foot.,Easy - RFI (minimal),"Claim asserts the unit is vacant and cites a building rental rate — a straightforward rent/vacancy issue that can be resolved with one standard document (e.g., lease, landlord/agent letter or vacancy attestation).",TRUE,Industrial Highrise
0,0,,"Dear Officer,

I would like to ask for clarification on the Annual Value (AV) assessment for my properties.

For Unit 09-16, the AV rose from $21,411 in 2024 to $29,219 in 2025, which is approximately a 49.07% increase.

Please explain the reason for the increase and advise whether the AV can be reviewed.

Thank you.

Regards,
<PERSON>
<COMPANY>",Easy - Disallow,"The note only requests an explanation for a higher AV and asks for a review but does not assert any statutory valuation ground (rent, sale, physical/use change, omission or clerical error under section 20(2)), so it is a vague query with no actionable legal basis to process as an objection.",TRUE,Industrial Highrise
0,0,,"Area: 13,392 sqft
Rent: $1.07 psf (14 Jan 28 - 13 Feb 28)
Rent: $1.22 psf (14 Feb 28 - 13 Feb 31)
Requested AV: $2 x 2 x 13,392 + $1.22 x 14 x 13,392 = $187,234",Easy - RFI (minimal),Claim is a straightforward rent‑based ground (actual rents and periods provided) and can be resolved with a single lease or rent receipt to verify the figures and the occupancy periods.,TRUE,Industrial Highrise
0,0,,There has been a revision to the stated floor area.,Easy - RFI (minimal),"A revision to floor areas is a straightforward mis‑entry/omission matter under section 20(2)(e) and can typically be resolved with a single supporting document (e.g., layout/plan or landlord/MCST confirmation).",TRUE,Industrial Highrise
0,0,,The AV assessed for the property exceeds the rent actually collected.,Easy - RFI (minimal),"This is a straightforward rent‑based claim (AV vs actual rent collections) invoking a valid section 20(2)(a) ground and can likely be resolved with one standard document such as a lease or rent receipts. No uploaded files or specialist analysis are present, so a minimal RFI is appropriate.",TRUE,Industrial Highrise
1,0,,"Dear Sir / Mdm,

We request a review of the Annual Value (AV) for Unit #06-09 because the tenant has changed and the new occupier has a different approved use.

The existing AV was based on the unit's former tenancy as a commercial childcare operator (<COMPANY>). Due to JTC requirements, the premises can no longer be leased for commercial childcare or similar uses. This restriction has reduced the achievable rent, and the current lease reflects the market rent for the permitted use.

The unit is currently leased to <COMPANY> at $21,035 per month, equivalent to annual rental of $240,945. The assessed AV is $345,308, resulting in property tax of $38,106 per year.

We can provide the stamp duty payment record for the new tenancy as evidence of the current rent of $21,035 per month. We respectfully ask that IRAS review and revise the AV for Unit #06-09 to reflect present market conditions.",Easy - RFI (minimal),"This is a straightforward rent‑based claim (actual rent has fallen due to change of tenant/use) that can be resolved with one standard document (e.g., lease agreement or the stated stamp‑duty record) to verify the current rent and effective date.",TRUE,Industrial Highrise
1,0,,"Area: 14,463 sqft
Rent: $1.10 psf
Requested AV: $200,921.26
The requested AV is below the market AV.",Easy - RFI (minimal),Claim is a simple rent‑based challenge (psf rent × area yields desired AV) and can be resolved with one standard document (lease/rent receipt or tenancy schedule); no complex valuation or legal issues are raised.,TRUE,Industrial Highrise
0,0,,"The current monthly rent is $4,035. On an annual basis this is $49,970, rather than the current AV of $53,285.",Easy - RFI (minimal),"This is a straightforward rent-based claim (current monthly rent $4,500 → annual value $54,000). No documents were uploaded, so a single standard document (lease, rent invoice/receipt or landlord/agent letter) is sufficient to verify and proceed.",TRUE,Industrial Highrise
0,0,,"This leasehold property was acquired for a 23-year term and expires on 23 Feb 2025. The company operates a clinic at the premises, with the final day of operations being 8 Jan 2025. By mid-Aug 2026, we expect to dismantle the fit-out and return the premises to the owner.",Easy - RFI (minimal),"Claim describes a straightforward lease expiry/cessation of use and impending demolition (physical change/omission under section 20(2)(c)/(e) and s.21) and can be resolved with one or two standard documents (lease, landlord/agent letter or demolition/return evidence).",TRUE,Industrial Highrise
3,1,Hogsmeade,"Based on the most recent 13 months of rental transactions, covering Oct 2024 to Sep 2025, comparable units of similar size above 1,806 sqft have achieved an average monthly rent of about $3,517. We therefore request a reduction in the Annual Value and property tax.",Medium - RFI (extensive),"The claim relies on multiple comparable rental transactions (average rent for similar 1,700+ sqft units) which requires reconciliation of several leases/lettings, tenancy schedules and supporting documents to verify comparability and convert to annual value.",TRUE,Industrial Highrise
2,0,,"Area: 34,442 sqft
Rent: $1.31 (31 Dec 23 - 31 May 24)
Rent: $1.55 (1 Jun 24 - 30 Jun 25)
Requested AV for 2024: $614,747
Reason: the contracted rent is lower than the assessed rent.",Easy - RFI (minimal),This is a straightforward rent‑based challenge (contracted rents and area provided) under section 20(2)(a); it can be resolved with the lease(s) or rent receipts to verify the stated rents and periods. ,TRUE,Industrial Highrise
0,0,,"The assessed Annual Value is considered excessive.
Requested Annual Value: S$861,062.96 effective 14 Feb 2023
Reason: a neighbouring property on the same level with the same specifications was assessed at S$1.66 psf/month, based on a leased area of 6,550.31 sqm.",Easy - RFI (minimal),Claim relies on a single neighbouring comparable rate (a straightforward rent/comparison ground under section 20(2)(a)(ii)) and can likely be resolved with one supporting document (e.g. the neighbour's lease or a tenancy schedule) to verify the stated rate and area.,TRUE,General Industrial
0,1,Pandora Vale,The unit is being used by the owner and has not been rented out. Its value has fallen sharply because of the short remaining leasehold period. Please review the Annual Value.,Easy - RFI (minimal),"Taxpayer states unit is owner‑occupied (no rent) and cites short leasehold lowering value — a clear layman change-of-use/actual-rent ground that can be resolved with a simple occupancy/ownership or tenancy confirmation (e.g., utility bill, owner declaration, or title/lease document).",TRUE,General Industrial
0,0,,The AV for the assessment year is higher than the rental revenue generated.,Easy - RFI (minimal),This is a simple rent-based complaint (AV exceeds actual rental revenue) which invokes a section 20(2)(a) ground and can typically be resolved by requesting one standard document such as the lease or rent receipts.,TRUE,General Industrial
0,0,,"The property is situated in an area planned for redevelopment, and many surrounding industrial premises have already been vacated and demolished. The loss of nearby businesses and amenities has reduced the property's attractiveness, accessibility, and usability, which in turn has weakened its rental potential.

The remaining lease term is also short, making prospective tenants reluctant to commit to the property and limiting future rental prospects.

In addition, severe water seepage affects an entire floor and materially reduces usability. Given the short remaining lease, undertaking major remedial works is not commercially viable.

We therefore request a reassessment of the AV taking into account the redevelopment, reduced amenities, short lease tenure, and significant building defects.",Easy - RFI (minimal),"The note raises valid, straightforward valuation grounds (reduced market rent from surrounding redevelopment, short remaining lease and a physical defect/seepage) that can likely be resolved with minimal RFI such as the lease showing remaining term, dated photos/repair assessment for the seepage, and evidence of nearby demolitions/ redevelopment.",TRUE,General Industrial
1,0,,"Area = 96,121 sf
Contracted rent = $1.10 psfpm
Proposed AV = $1,331,850
Reason = contracted rent is lower than assessed rent.",Easy - RFI (minimal),This is a straightforward rent‑based claim (contracted rent lower than assessed rent) with area and proposed AV given; remedy is likely a single document (lease/contract or rent receipts) to verify the rent and dates.,TRUE,General Industrial
1,0,,"In 2026, we objected to the proposed Annual Value of $620,981 for the car park. Your officer offered a settlement of $436,334 effective 25 January 2026, which we accepted. Since then, car park takings have fallen by more than $198,594, from $1,017,599 for 25 January 2026 to 24 January 2027 to $652,063 for 25 January 2027 to 24 January 2028, partly due to high COE prices and other factors.

We can provide the audited accounts extract of MCST Plan No. 2,429 for the year ended 24 January 2028.

Using the latest IRAS template, our in-house assistant building manager calculated the estimated AV for the car park for YA 2028 at $106,506.48.

We therefore request that the proposed AV of $542,889 effective 25 January 2028 be reduced to $106,506.48.",Easy - RFI (minimal),The taxpayer advances a gross‑receipts (carpark takings) ground and offers audited accounts plus a simple IRAS‑template calculation; this is a straightforward receipts‑based claim resolvable with the one standard document and the provided calculation.,TRUE,General Industrial
1,0,,"To whom it may concern,

We respectfully seek a review and reduction of the assessed Annual Value.

The property is subject to a long-term tenancy with fixed rental amounts as follows:
From 24 February 2020 to 23 February 2022: S$11,492 per month
From 25 February 2022 to 23 February 2024: S$16,927 per month
From 24 February 2024 to 23 February 2026: S$15,758 per month

Rental has increased progressively under the tenancy agreement since 2020. We consider the property tax of about S$24,554 per year to be high relative to the actual rental received for the relevant periods.

No objection has been made since 2020. We now respectfully ask for the AV to be reviewed and adjusted so that it better reflects the actual rent.

Thank you for your consideration.",Easy - RFI (minimal),The appellant cites actual contracted rents under a long‑term tenancy (a valid s.20(2)(a)(i) ground); this is a straightforward rent‑based claim resolvable with the lease/tenancy schedule (one standard document).,TRUE,General Industrial
1,0,,"Our requested AV is $2,476,414, equivalent to $1.42 psfpm. There has been no change in the tenancy arrangements that would justify an increase to $2,395,523 or $1.34 psfpm. The building's average net rent is about $1.32 psfpm.",Easy - RFI (minimal),"The appellant advances a straightforward rent‑based challenge (average net rent and desired AV) with no complex legal or valuation issues; this can be resolved with simple supporting documents such as leases, rent invoices or a tenancy schedule.",TRUE,General Industrial
1,0,,"The Annual Value is being calculated using actual parking usage and the prevailing licence charges.

There are 87 parking lots in total, excluding loading and unloading bays because those areas are not lettable. The estimated lettable area is 1,883 sqm, based on approximately 29 sqm per lot.

Current monthly licence charges are:
Car (Non-EV): S$62 per lot
Lorry: S$126 (Y Plate) / S$226 (X Plate)
Heavy Vehicle: based on actual existing usage

We believe this calculation, based on actual site conditions and current charges, is a more appropriate representation of the property's rental value.",Easy - RFI (minimal),This is a straightforward rent‑based claim relying on actual parking licence fees and lot counts (a simple 20(2)(a) ground). It can be resolved with minimal RFI such as the licence/receipt schedule and a site plan showing the 83 lettable lots and area allocation.,TRUE,General Industrial
0,0,,"Dear Officer,

We refer to the Property Tax Account Ref. No. for the subject car park property in Singapore.

We wish to object to the assessed Annual Value of $21,723, which is based on monthly income of $1,780.

For 2023, total car park receipts were approximately $26,778. After taking account of operating and maintenance expenses, net income was about $11,378, calculated as follows:

Carpark income - Year 2023
Total carpark income: $23,645.31
Less: Carpark equipment maintenance: $5,087.69
Less: Electricity: $662.91
Less: Cleaning services: $8,970.68

Net carpark income: $11,361.99

Based on this, we propose a revised Annual Value of $11,378 for consideration.

Thank you.",Easy - RFI (minimal),"The objection relies on actual carpark income (gross receipts) which is a valid PTA valuation ground and can be resolved with simple supporting documents (e.g., receipts/audited accounts or a statement of parking takings and related expense invoices); no complex valuation or strata issues are raised.",TRUE,General Industrial
0,0,,"The revised AV is considered excessive. The A&A works did not result in any increase in GFA. The property is leased on the basis of NLA, and the actual net rent is substantially below the revised AV.",Easy - RFI (minimal),Claim invokes an actual net‑rent ground and alleges no GFA increase from A&A works—straightforward layman issues resolvable by providing the lease/tenancy schedule and a simple plan or landlord/agent confirmation of NLA and actual rent.,TRUE,General Industrial
1,0,,"The reported annual income does not correspond with IRAS's proposed value. Monthly income is as follows:

Company1: $8,914
Company2: $25,478
Company3: $4,874
Company4: $7,475
Company5: $15,234
Company6: $39,576
Total income: $91,860

Based on these receipts, the Annual Value should be $1,148,383 and the corresponding property tax proposition should be $122,650.",Easy - RFI (minimal),"The claimant has given clear monthly income figures and a simple annualisation to support a lower annual value, which is a straightforward receipts/rent‑based factual claim; it can likely be resolved with one standard document (e.g., P&L, audited accounts, or detailed receipts/tenancy schedule) to verify the totals.",TRUE,General Industrial
1,0,,"Our requested AV is $490,356, equivalent to $1.48 psfpm. There have been no changes in tenancy details to support an increase to $460,869 or $1.35 psfpm. The building's average net rent is calculated at $1.38 psfpm.",Easy - RFI (minimal),"This is a straightforward rent‑based challenge (claims AV should be $446,000 based on psfpm/net rent) and can be resolved with one standard document such as full tenancy schedule/leases or rent invoices to verify actual rents.",TRUE,General Industrial
0,0,,The actual rental rate for the unit is $1.58 per square foot.,Easy - RFI (minimal),"Claim is a simple rent‑based assertion of actual rent ($1.57/PSF) which can be resolved by one standard document (lease, rent invoice or landlord/agent confirmation).",TRUE,General Industrial
1,0,,The GFA is incorrect and a resubmission is now being made to URA. I will update the IRAS officer once this has been done.,Easy - RFI (minimal),"The taxpayer alleges an incorrect GFA, a straightforward factual/clerical issue that is typically resolved with an updated URA resubmission or a corrected plan; minimal RFI (confirmation of corrected GFA/URA response) is sufficient.",TRUE,General Industrial
0,0,,The assessed AV for the assessment year is above the rental revenue received.,Easy - RFI (minimal),"Layman rent-based complaint that AV exceeds actual rental revenue — a straightforward 20(2)(a)/(b) ground likely resolvable with one document (lease, rent receipts or tenancy schedule).",TRUE,General Industrial
1,0,,"Area: 5,212 sqft
Rent: $1.97 psf
The requested AV is below the market AV.",Easy - RFI (minimal),"This is a straightforward rent-based claim (area and $2.10 psf stated) seeking a lower AV — a single standard document (lease, rent receipt or tenancy schedule) should suffice to assess it.",TRUE,General Industrial
1,0,,"Our requested AV is $1,986,520, equivalent to $1.36 psfpm. There has been no change in tenancy details that would justify raising the AV to $2,168,862, equivalent to $1.34 psfpm. The building's average net rent is $1.33 psfpm.",Easy - RFI (minimal),"The appellant advances a straightforward rent‑based challenge (average net rent and desired AV) with no complex legal or valuation issues; this can be resolved with simple supporting documents such as leases, rent invoices or a tenancy schedule.",TRUE,General Industrial
0,0,,The AV for the assessment year exceeds the rental revenue.,Easy - RFI (minimal),"Layman rent-based complaint that AV exceeds actual rental revenue — a straightforward 20(2)(a)/(b) ground likely resolvable with one document (lease, rent receipts or tenancy schedule).",TRUE,General Industrial
0,0,,The unit's actual rental rate is $1.60 per square foot.,Easy - RFI (minimal),"Claim is a simple rent‑based assertion of actual rent ($1.57/PSF) which can be resolved by one standard document (lease, rent invoice or landlord/agent confirmation).",TRUE,General Industrial
1,0,,"Area = 95,037 sf
Contracted rent = $1.04 psfpm
Proposed AV = $1,251,081
Reason = the contracted rent is below the assessed rent.",Easy - RFI (minimal),This is a straightforward rent‑based claim (contracted rent lower than assessed rent) with area and proposed AV given; remedy is likely a single document (lease/contract or rent receipts) to verify the rent and dates.,TRUE,General Industrial
1,0,,"Area: 94,756 sf
Contracted rent: $1.23 psfpm
Requested AV: $1,332,012
Reason: contracted rent is lower than assessed rent.",Easy - RFI (minimal),Claim is a straightforward rent-based challenge (contracted rent lower than assessed) and can be resolved with one standard document (lease/contract or rent invoice) to verify the contracted rent and reconcile the desired AV.,TRUE,General Industrial
1,0,,"Area (sqft): 1,867
Contracted rent (psfpm): $1.52
Requested AV: $40,047
Reason: the contracted rent is lower than the assessed rent.",Easy - RFI (minimal),This is a straightforward rent‑based claim (contracted rent and area provided seeking lower AV) that can be resolved with a single standard document such as the lease or rent invoice/receipt.,TRUE,General Industrial
