FileUploadCount,IS_STRATA,DEV,ExplanatoryNote,Category,Reason,Done,Team
0,0,,"The assessed AV is excessive. Median rent at Level 1 is $1.34 psf pm but the assessed AV is $1.45 psf pm. Please adopt the median rent as the AV as the actual rent is best reflective of the market rent.
Please call owner for a discussion. Thank you.",Easy - RFI (minimal),"This is a straightforward rent‑based claim (requests adoption of a median rent). No complex valuation issues are raised and it can be resolved with simple documentation (lease(s), tenancy schedule or landlord/agent letter) rather than specialist analysis.",TRUE,Industrial Highrise
1,0,,"AREA: 12,981 sqft
Rent: $3.10 psf
Desired AV: $482,893.20
Desired AV < Market AV.",Easy - RFI (minimal),Claim is a straightforward rent‑based AV request using a single rent psf and area (layman rent ground under s20(2)(a)); a minimal RFI such as the lease or rent receipt/tenancy schedule should suffice to verify the actual rent and tenancy terms.,TRUE,Industrial Highrise
0,0,,The annual value in the assessment year is higher than the rental revenue.,Easy - RFI (minimal),"Layman rent-based complaint that AV exceeds actual rental revenue — a straightforward 20(2)(a)/(b) ground likely resolvable with one document (lease, rent receipts or tenancy schedule).",TRUE,Industrial Highrise
1,0,,"area (sqft):   5308

contracted rent (psfpm): $0.90

desired av: $   57326

reasons: contracted rent lower than assessed rent",Easy - RFI (minimal),Claim rests on a single contracted rent (rent‑based 20(2)(a)) for a specified area and desired AV; this is a straightforward rent claim likely resolved by providing the lease or rent receipt (one document).,TRUE,Industrial Highrise
0,0,,"Our current   tenant has given notice that they would like to leave us in the next few months as they would like to downsize partly due to manpower high cost, shortage of staff  and our location is not near MRT.  Due to the current situation, rental around our area has been dropping fast for a while.",Easy - RFI (minimal),"The note alleges an imminent tenant vacancy/lease expiry and a local drop in rents — a straightforward rent/ vacancy ground under section 20(2) that can be resolved with simple documents (lease, tenant notice or rental evidence).",TRUE,Industrial Highrise
0,0,,"Dear Officer,

I would like to seek clarification on the Annual Value (AV) assessment for my properties.

The AV was $68,300 in 2024, but it increased to $90,900 in 2025, which is about 33.1% increase. Could you kindly advise the reason for this increase and whether the AV assessment can be reviewed?

Thank You

Regard

<PERSON>

<COMPANY>",Easy - Disallow,"The note is a general request for an explanation of a percentage increase and does not plead any specific statutory valuation ground (rent, sale, development cost, physical/change of use, receipts, omission or clerical error under section 20(2)), so there is no legal basis to amend the AV as submitted.",TRUE,Industrial Highrise
1,1,940 WCEGA PLAZA,"Tenancy has expired on 18 Sep 2025. Currently not tenanted, owner own use. Kindly review the tax rate payable. Thank you.",Easy - RFI (minimal),"The note asserts a simple tenancy expiry and owner occupation (vacancy/change of use) — a valid section 20(2) ground that can be resolved with minimal evidence (e.g., copy of expired lease, tenancy termination notice or owner occupancy proof).",TRUE,Industrial Highrise
2,1,602 MIDVIEW BUILDING,"We believe that the AV is too high as similar units are getting a lower AV. On paper, the unit is larger than some of the other units on the same floor but the difference in the size of the unit is due to the addition of a balcony which is completely outdoors. Being outdoors, this makes the usage of the space highly limited and even if rented out, we would not be able to obtain a much higher rent despite the larger size. 

Maintenance charges are $409.84 per month and we expect rent to be around $2800 per month, which brings AV to around $28,681.92.",Medium - Strata Owners,"DEV indicates a strata property (Midview Building); the claim discusses unit size, balcony usage and proposed rent—strata matters are handled under the dedicated 'Medium - Strata Owners' category regardless of other factors.",TRUE,Industrial Highrise
0,1,237 CSI DISTRIBUTION CENTRE,Propose to maintain AV wef 1 Jan 2026 at $255666.67 in which aligns with recent market transaction within the vicinity.,Easy - RFI (minimal),The note invokes a transaction‑based ground (market sale nearby) which is a valid s.20(2) basis but provides no evidence; this is a straightforward comparable/transaction claim likely resolvable by requesting the single sale document(s) (SPA/completion statement) or brief confirmation of the comparable.,TRUE,Industrial Highrise
1,1,353 FRONTIER,Property Disposed.,Easy - RFI (minimal),"The note indicates the property was disposed, which is a valid sale/transfer valuation ground under section 20(2)(a)(iii) and is typically resolved with a single document (e.g., sale & purchase agreement or completion statement); only one file is uploaded so minimal RFI is appropriate.",TRUE,Industrial Highrise
0,1,927 VALLIANT IND BLDG,Not rented out. Own use for administrative and some goods storage. Not much revenue generated from this premise.,Easy - RFI (minimal),"The note asserts owner‑occupation/not rented and low revenue — a straightforward change-of-use/vacancy matter that can typically be resolved with one standard document (occupancy statement, utility bill or landlord/agent letter) rather than complex valuation analysis.",TRUE,Industrial Highrise
0,0,,"The AV is in excess. Our canteen at <ADDRESS> which is of better location, is valued at base rent of S$1.42 psf/month

Desired AV is S$63,345.00 with effect from 16 Apr 2025.",Easy - RFI (minimal),This is a straightforward rent‑based claim (states a specific base rent and requested AV) with no complex legal or valuation issues—remedyable by a single standard document (lease/rent invoice or landlord/agent confirmation).,TRUE,Industrial Highrise
0,1,500 JURONG FOOD HUB,"This unit it vacant since August 2025.  The property tenure is ending in less than 5 years and we have problem getting any new tenant.

We understood from property agent,  the market is quite and we may need to lower the rental to $3000 which we prepare to drop the price and hope to get new tenant soonest possible. 

Thank you.

Regards,

<PERSON> and <PERSON>",Easy - RFI (minimal),"Taxpayer states the unit has been vacant since Aug 2025 and intends to lower rent to $3,000 — a straightforward rent/vacancy-based ground under s.20(2). This is a layman claim needing minimal RFI (e.g. tenancy/agent letter or vacancy evidence) to proceed.",TRUE,Industrial Highrise
0,0,,"Dear Officer, 

We refer to our objection to the Valuation List 2025 submitted on 12 December 2025.

We write to lodge our objection to the VL 2026 assessed AV of $102,000. This objection is made on the same grounds previously set out in our earlier submission, as the circumstances affecting the rental value of the property remain unchanged.

We would like to object to the Valuation List 2026 assessed AV of $102,000 which is equivalent to the estimated market rental of $8,500 which is unreasonable and excessive.

The assessed AV is excessive, as the premises has remained vacant despite prolonged marketing efforts. Weak rental demand and low footfall including its industrial location with limited visibility and accessibility, small unit size, and high ceilings have significantly affected the rental potential of the property.

In view of the above, we kindly request that our proposed Annual Value of $60,000 which is equivalent to the estimated market rental at $5,000 be considered.",Easy - RFI (minimal),"The submission advances a straightforward rent-based ground (prolonged vacancy and a lower estimated market rent) which is a valid 20(2) basis and can be addressed with minimal RFI (e.g., evidence of vacancy/marketing and support for the proposed rent of $5,000).",TRUE,Industrial Highrise
1,1,245 CT HUB2,"Even prior to this latest revision, the rental income for the unit was less than the Annual Valuation of $45,400. At the new Valuation, for the 2nd year of the lease, the rental income at $3,700 is less than the revised Annual Valuation of $47,900 by $3,500 - amounting to almost one month's rental. ",Easy - RFI (minimal),"Claim is a straightforward rent‑based challenge (actual rent lower than the Annual Valuation) and can likely be resolved with a single document such as the lease, rent invoice/receipt or tenancy schedule to verify the stated $3,700 rent.",TRUE,Industrial Highrise
0,0,,"The assessed AV is excessive. Median rent at Level 2 to 6 is $1.21 psf pm but the assessed AV is $1.35 psf pm. Please adopt the median rent as the AV as the actual rent is best reflective of the market rent.
Please call owner for a discussion. Thank you.",Easy - RFI (minimal),This is a straightforward rent‑based claim (seeking adoption of median rent as AV) that can be resolved with a simple supporting document such as leases/tenancy schedule or rent invoices showing the $1.21 psf pm figures.,TRUE,Industrial Highrise
0,0,,"We would like to inform you that our above unit has been emptied  for a very long time, since 1st Feb, 2026 (almost half a year)  now. We have been trying very hard and actively  to market it for rent  since Oct 2025 (almost 3/4 year), but there is hardly any viewing.   We have been in touch with a lot of housing agents to help us for a long time, but still have NO response at all.  We are very concern this weak market will continue for a long time  especially  with the  current WAR going on and super high oil price , this weak market will continue for a very LONG time.  We are very worry of the current situation .

In view of this, we APPEAL  for your help to reduce our annual value (AV) to $47,400/- same like the previous AV from 1st Feb 2026

We appreciate very much your kind consideration and understanding and oblige us with our request.

Thank you and awaiting for hear from you favourably.

Appreciate to speak with you, do call me at : <PHONE NUMBER>.

Rgds

<PERSON> 

<PHONE NUMBER>",Easy - RFI (minimal),The taxpayer alleges long‑term vacancy and requests a lower AV—this is a straightforward rent/vacancy ground resolvable with a simple document (e.g. tenancy history/agent letter or marketing evidence) and thus needs only minimal RFI.,TRUE,Industrial Highrise
2,1,903 UB. ONE,"Our monthly rental fee of $3450 includes maintenance fee and furniture and fittings.  The monthly maintenance fee is $210.90 and monthly furniture and fittings reasonable charges $650.  Our desired Annual Value of $2589.10 x 12 = $31,069.  For your kind consideration.",Easy - RFI (minimal),This is a straightforward rent-based claim seeking to exclude maintenance and furniture charges from the rent; it can be resolved with a simple document such as the lease or rent invoice showing the fee breakdown.,TRUE,Industrial Highrise
0,0,,Unit is currently vacant. Units in the building has a rental rate of $2.25/PSF,Easy - RFI (minimal),"Claim asserts the unit is vacant and cites a building rental rate — a straightforward rent/vacancy issue that can be resolved with one standard document (e.g., lease, landlord/agent letter or vacancy attestation).",TRUE,Industrial Highrise
0,0,,"Dear Officer,

I would like to seek clarification on the Annual Value (AV) assessment for my properties.

For Unit 05-12, the AV increased from $20,800 in 2025 to $29,900 in 2026, which is about 43.75% increase.

Could you please advise the reason for the increase and whether the AV assessment can be reviewed?

Thank You.

Regard

<PERSON>

<COMPANY>",Easy - Disallow,"The note only requests an explanation for a higher AV and asks for a review but does not assert any statutory valuation ground (rent, sale, physical/use change, omission or clerical error under section 20(2)), so it is a vague query with no actionable legal basis to process as an objection.",TRUE,Industrial Highrise
0,0,,"Area: 14,695 sqft
Rent: $1.00 psf (1 Jan 26 - 31 Jan 26)
Rent: $1.20 psf (1 Feb 26 - 31 Jan 29)
Desired AV: $1 x 1 x 14,695 + $1.20 x 11 x 14,695 = $208,669",Easy - RFI (minimal),Claim is a straightforward rent‑based ground (actual rents and periods provided) and can be resolved with a single lease or rent receipt to verify the figures and the occupancy periods.,TRUE,Industrial Highrise
0,0,,a) There is a revision in floor areas.,Easy - RFI (minimal),"A revision to floor areas is a straightforward mis‑entry/omission matter under section 20(2)(e) and can typically be resolved with a single supporting document (e.g., layout/plan or landlord/MCST confirmation).",TRUE,Industrial Highrise
0,0,,The annual value assessed is higher than actual rent collections.,Easy - RFI (minimal),"This is a straightforward rent‑based claim (AV vs actual rent collections) invoking a valid section 20(2)(a) ground and can likely be resolved with one standard document such as a lease or rent receipts. No uploaded files or specialist analysis are present, so a minimal RFI is appropriate.",TRUE,Industrial Highrise
1,0,,"Dear Sir / Mdm,

We would like to request a review of the Annual Value (AV) for Unit #02-06 at our building due to a change of tenant that is of a different usage.

The existing AV was assessed based on the unit’s previous tenancy as a commercial childcare operator (<COMPANY>). Due to JTC regulations, the unit can no longer be leased to commercial childcare or similar uses. Consequently, the achievable rental for the unit has decreased significantly, and the current rental reflects the prevailing market rate for the approved use.

The unit is currently rented out to <COMPANY> at $19,655/mth, translating to annual rental of $235,860. However, the current AV assessed for the unit is $342,000, resulting in a property tax payable of $34,200 per year.

To support this, we can attach the Stamp Duty payment record of new tenant, to show that the current rental is at $19,655/mth. We sincerely request that IRAS review and revise the AV of #02-06 to reflect current market condition.",Easy - RFI (minimal),"This is a straightforward rent‑based claim (actual rent has fallen due to change of tenant/use) that can be resolved with one standard document (e.g., lease agreement or the stated stamp‑duty record) to verify the current rent and effective date.",TRUE,Industrial Highrise
1,0,,"Area: 13,336 sqft
Rent: $1.20 psf 
Desired AV: $192,038.40
The desired AV is smaller than the market AV.",Easy - RFI (minimal),Claim is a simple rent‑based challenge (psf rent × area yields desired AV) and can be resolved with one standard document (lease/rent receipt or tenancy schedule); no complex valuation or legal issues are raised.,TRUE,Industrial Highrise
0,0,,my current monthly rent is $4500. an annual value of $54000 not the current $55800,Easy - RFI (minimal),"This is a straightforward rent-based claim (current monthly rent $4,500 → annual value $54,000). No documents were uploaded, so a single standard document (lease, rent invoice/receipt or landlord/agent letter) is sufficient to verify and proceed.",TRUE,Industrial Highrise
0,0,,The leasehold property with a term of 20 Years at acquisition and expiring on 15 Feb 2026. The property is operated as a clinic by the company last day on 31 DEC 2025. by mid-Jan 2026 we need to tear everything down and return it to owner.,Easy - RFI (minimal),"Claim describes a straightforward lease expiry/cessation of use and impending demolition (physical change/omission under section 20(2)(c)/(e) and s.21) and can be resolved with one or two standard documents (lease, landlord/agent letter or demolition/return evidence).",TRUE,Industrial Highrise
3,1,929 VERTEX,"Based on latest 1 year rental transactions (2025 Mar - 2026 Feb) of the similar size units 1700+ sqft, the monthly rent amount averages around $3800/month.

Thus would like to appeal for a lower Annual Value/Property Tax.",Medium - RFI (extensive),"The claim relies on multiple comparable rental transactions (average rent for similar 1,700+ sqft units) which requires reconciliation of several leases/lettings, tenancy schedules and supporting documents to verify comparability and convert to annual value.",TRUE,Industrial Highrise
2,0,,"Area: 32,410 sqft
Rent: $1.40 (from 1 Jan 26 - 1 Jun 26)
Rent: $1.60 (from 2 Jun 26 - 1 Jul 27)
Desired AV: $583,380 for 2026
Reason: Contracted rent is lower than the assessed rent.",Easy - RFI (minimal),This is a straightforward rent‑based challenge (contracted rents and area provided) under section 20(2)(a); it can be resolved with the lease(s) or rent receipts to verify the stated rents and periods. ,TRUE,Industrial Highrise
0,0,,"Annual Value in excess. 
Desired Annual Value is S$808,300.00 w.e.f. 8 Feb 2024
Reason: Annual Value for neighbour which is on same level and of same specification was assessed at S$1.52 psf/month (basing on leased area 6,053.23 sqm).",Easy - RFI (minimal),Claim relies on a single neighbouring comparable rate (a straightforward rent/comparison ground under section 20(2)(a)(ii)) and can likely be resolved with one supporting document (e.g. the neighbour's lease or a tenancy schedule) to verify the stated rate and area.,TRUE,General Industrial
0,1,500 JURONG FOOD HUB,Unit is under self use. We did not rent out.  Property valuation declined sharply as short leasehold. Pls review the Annual value.,Easy - RFI (minimal),"Taxpayer states unit is owner‑occupied (no rent) and cites short leasehold lowering value — a clear layman change-of-use/actual-rent ground that can be resolved with a simple occupancy/ownership or tenancy confirmation (e.g., utility bill, owner declaration, or title/lease document).",TRUE,General Industrial
0,0,,The annual value for the assessment year is higher than the rental revenue.,Easy - RFI (minimal),This is a simple rent-based complaint (AV exceeds actual rental revenue) which invokes a section 20(2)(a) ground and can typically be resolved by requesting one standard document such as the lease or rent receipts.,TRUE,General Industrial
0,0,,"The property is located within an area slated for redevelopment, with many neighbouring industrial properties already vacated and demolished. The removal of surrounding businesses and amenities has significantly reduced the attractiveness, accessibility, and usability of the property, adversely affecting its rental value.
In addition, the property has a short remaining lease tenure, which limits tenant demand and rental prospects. Prospective occupiers are generally reluctant to commit to premises within a redevelopment area with limited lease remaining.
The building is also affected by severe water seepage issues impacting an entire floor, substantially reducing its usability. Given the short balance lease, it is not commercially viable for us to undertake major rectification works.
In view of the redevelopment of the surrounding area, loss of amenities, short remaining lease, and significant building defects, we respectfully request a reassessment of the Annual Value.",Easy - RFI (minimal),"The note raises valid, straightforward valuation grounds (reduced market rent from surrounding redevelopment, short remaining lease and a physical defect/seepage) that can likely be resolved with minimal RFI such as the lease showing remaining term, dated photos/repair assessment for the seepage, and evidence of nearby demolitions/ redevelopment.",TRUE,General Industrial
1,0,,"Area = 86171 sf
contracted rent = $1.15 psfpm
proposed AV = $1,189,159
Reason = contracted rent is lower than assessed rent",Easy - RFI (minimal),This is a straightforward rent‑based claim (contracted rent lower than assessed rent) with area and proposed AV given; remedy is likely a single document (lease/contract or rent receipts) to verify the rent and dates.,TRUE,General Industrial
1,0,,"In 2024, we filed an objection to the annual value of $613,000 of the car park proposed by IRAS, your officer proposed $480,000 with effect from 1 January 2024 as settlement and we accepted it. Since then, car park collections had dropped significantly by more than $200,000 from $954,535 during the period of 1 January 2024 to 31 December 2024 to $730,556 during the period of 1 January 2025 to 31 December 2025 due to high COE prices and other factors. 

We can send you the extract of the audited accounts of MCST Plan No. 2555 for the year ended 31 December 2025 for your reference.

Our in-house assistant building manager  had worked out Carpark (General Assessment) for the year of Assessment 2026 based on the recent IRAS template. The results show the estimated annual value of the car park for the Year of Assessment 2026 to be $118,596.68. 

The proposed annual value of $570,000 for the car park with effect from 1 January 2026 shall be reduced to $118,596.68.",Easy - RFI (minimal),The taxpayer advances a gross‑receipts (carpark takings) ground and offers audited accounts plus a simple IRAS‑template calculation; this is a straightforward receipts‑based claim resolvable with the one standard document and the provided calculation.,TRUE,General Industrial
1,0,,"To whom it may concern,

We respectfully request a review and reduction of the Annual Value assessment.

The property has been rented under a long-term tenancy with fixed rental terms:
From 1 March 2022 to 28 February 2024: S$12,000 per month
From 1 March 2024 to 28 February 2026: S$15,000 per month
From 1 March 2026 to 28 February 2028: S$16,000 per month

Since 2022, the rental has increased gradually according to the tenancy agreement. The property tax payable is about S$24,000 per year, which we feel is high compared to the actual rental received for the relevant years.

We have not raised any objection since 2022. We are now appealing sincerely and hope the Annual Value can be reviewed and adjusted to better reflect the actual rental.

Thank you for your kind consideration.",Easy - RFI (minimal),The appellant cites actual contracted rents under a long‑term tenancy (a valid s.20(2)(a)(i) ground); this is a straightforward rent‑based claim resolvable with the lease/tenancy schedule (one standard document).,TRUE,General Industrial
1,0,,"Our desired AV is $2,199,000 ($1.35 psfpm). There are no changes in tenancy details that justifies the increase to $2,280,000 ($1.40 psfpm). The building's average net rent is calculated to be $1.36 psfpm.",Easy - RFI (minimal),"The appellant advances a straightforward rent‑based challenge (average net rent and desired AV) with no complex legal or valuation issues; this can be resolved with simple supporting documents such as leases, rent invoices or a tenancy schedule.",TRUE,General Industrial
1,0,,"The Annual Value is computed based on actual parking lot usage and prevailing licence fees.

The total number of parking lots is 83 (excluding loading/unloading bays, which are not lettable areas). The estimated area let is 2,075 sqm, derived using a standard allocation of approximately 25 sqm per lot.

The monthly license fees are as follows:

	Car (Non-EV): S$65 per lot
	Lorry: S$120 (Y Plate) / S$200 (X Plate)
	Heavy Vehicle: based on existing usage

The computation is based on actual site conditions and current charges, which we believe more accurately reflect the rental value of the property.",Easy - RFI (minimal),This is a straightforward rent‑based claim relying on actual parking licence fees and lot counts (a simple 20(2)(a) ground). It can be resolved with minimal RFI such as the licence/receipt schedule and a site plan showing the 83 lettable lots and area allocation.,TRUE,General Industrial
0,0,,"Dear Officer,

We refer to our Property Tax Account Ref. No. for the subject property  Carpark Singapore 

We wish to raise an objection to the assessed Annual Value of $23,100, which is based on a monthly income of $1,925.

Based on our gross carpark income for the year 2025, the total income collected is estimated to be approximately $24,000 for the entire year. By taking into account the operating and maintenance expenses required to sustain the carpark, it has reduced the net income generated to about $10,000 as shown below.  

Carpark Income – Year 2025

Total carpark income: $24,056.87
Less: Carpark equipment maintenance: $5,222.00
Less: Electricity: $600.00
Less: Cleaning services: $8,000.00

Net carpark income: $10,234.87

In view of the above, we propose a desired Annual Value of $10,000 for your consideration.

Thank you.
",Easy - RFI (minimal),"The objection relies on actual carpark income (gross receipts) which is a valid PTA valuation ground and can be resolved with simple supporting documents (e.g., receipts/audited accounts or a statement of parking takings and related expense invoices); no complex valuation or strata issues are raised.",TRUE,General Industrial
0,0,,"The revised AV is excessive. There is no increase in GFA due to A&A works.
The property is leased based on NLA and the actual net rent is much lower than the revised AV.",Easy - RFI (minimal),Claim invokes an actual net‑rent ground and alleges no GFA increase from A&A works—straightforward layman issues resolvable by providing the lease/tenancy schedule and a simple plan or landlord/agent confirmation of NLA and actual rent.,TRUE,General Industrial
1,0,,"Annual Income does not tally with IRAS's proposed value. Our Monthly Income are as follows:

Company1: $9,500
Company2: $25,000
Company3: $5,000
Company4: $8,000
Company5: $14,000
Company6: $35,250
Total Income: $96,750

As such, annual value should be $1,161,000
Corresponding Property Tax Proposition should be $116,100",Easy - RFI (minimal),"The claimant has given clear monthly income figures and a simple annualisation to support a lower annual value, which is a straightforward receipts/rent‑based factual claim; it can likely be resolved with one standard document (e.g., P&L, audited accounts, or detailed receipts/tenancy schedule) to verify the totals.",TRUE,General Industrial
1,0,,"Our desired AV is $446,000 ($1.35 psfpm). There are no changes in tenancy details that justifies the increase to $463,000 ($1.40 psfpm). The building's average net rent is calculated to be $1.36 psfpm.",Easy - RFI (minimal),"This is a straightforward rent‑based challenge (claims AV should be $446,000 based on psfpm/net rent) and can be resolved with one standard document such as full tenancy schedule/leases or rent invoices to verify actual rents.",TRUE,General Industrial
0,0,,Actual rental rate for the unit is $1.57/PSF,Easy - RFI (minimal),"Claim is a simple rent‑based assertion of actual rent ($1.57/PSF) which can be resolved by one standard document (lease, rent invoice or landlord/agent confirmation).",TRUE,General Industrial
1,0,,"GFA incorrect, now doing resub to URA. Will update Officer from IRAS.",Easy - RFI (minimal),"The taxpayer alleges an incorrect GFA, a straightforward factual/clerical issue that is typically resolved with an updated URA resubmission or a corrected plan; minimal RFI (confirmation of corrected GFA/URA response) is sufficient.",TRUE,General Industrial
0,0,,The annual value in the assessment year is higher than the rental revenue.,Easy - RFI (minimal),"Layman rent-based complaint that AV exceeds actual rental revenue — a straightforward 20(2)(a)/(b) ground likely resolvable with one document (lease, rent receipts or tenancy schedule).",TRUE,General Industrial
1,0,,"Area: 4,715 sqft
Rent: $2.10 psf
Desired AV < Market AV.",Easy - RFI (minimal),"This is a straightforward rent-based claim (area and $2.10 psf stated) seeking a lower AV — a single standard document (lease, rent receipt or tenancy schedule) should suffice to assess it.",TRUE,General Industrial
1,0,,"Our desired AV is $2,199,000 ($1.35 psfpm). There are no changes in tenancy details that justifies the increase to $2,280,000 ($1.40 psfpm). The building's average net rent is calculated to be $1.36 psfpm.",Easy - RFI (minimal),"The appellant advances a straightforward rent‑based challenge (average net rent and desired AV) with no complex legal or valuation issues; this can be resolved with simple supporting documents such as leases, rent invoices or a tenancy schedule.",TRUE,General Industrial
0,0,,The annual value in the assessment year is higher than the rental revenue.,Easy - RFI (minimal),"Layman rent-based complaint that AV exceeds actual rental revenue — a straightforward 20(2)(a)/(b) ground likely resolvable with one document (lease, rent receipts or tenancy schedule).",TRUE,General Industrial
0,0,,Actual rental rate for the unit is $1.57/PSF,Easy - RFI (minimal),"Claim is a simple rent‑based assertion of actual rent ($1.57/PSF) which can be resolved by one standard document (lease, rent invoice or landlord/agent confirmation).",TRUE,General Industrial
1,0,,"Area = 86171 sf
contracted rent = $1.15 psfpm
proposed AV = $1,189,159
Reason = contracted rent is lower than assessed rent",Easy - RFI (minimal),This is a straightforward rent‑based claim (contracted rent lower than assessed rent) with area and proposed AV given; remedy is likely a single document (lease/contract or rent receipts) to verify the rent and dates.,TRUE,General Industrial
1,0,,"area: 86171sf

contracted rent: $1.15 psfpm

desired av:$1189150

reasons: contracted rent lower than assessed rent",Easy - RFI (minimal),Claim is a straightforward rent-based challenge (contracted rent lower than assessed) and can be resolved with one standard document (lease/contract or rent invoice) to verify the contracted rent and reconcile the desired AV.,TRUE,General Industrial
1,0,,"area (sqft):   1884

contracted rent (psfpm): $1.60

desired av: $   36173

reasons: contracted rent lower than assessed rent",Easy - RFI (minimal),This is a straightforward rent‑based claim (contracted rent and area provided seeking lower AV) that can be resolved with a single standard document such as the lease or rent invoice/receipt.,TRUE,General Industrial
